Epoch,Disc_acc,GenDisc_acc,GenClass_acc,mean_RTS_sim,mean_STS_sim
1,0.47999998927116394,0.6000000238418579,0.06,-0.0035909862910425867,0.035221733152866364
2,0.5799999833106995,0.4399999976158142,0.02,-0.006486723031316084,-0.05256298929452896
