Epoch,Disc_acc,GenDisc_acc,GenClass_acc,mean_RTS_sim,mean_STS_sim
1,0.5400000214576721,0.6000000238418579,0.19,0.013896522696103066,0.034776460379362106
2,0.6399999856948853,0.47999998927116394,0.56,0.014089737502166697,0.05156351998448372
3,0.5,0.36000001430511475,0.65,0.012303375615919382,0.12010033428668976
4,0.699999988079071,0.5199999809265137,0.61,0.014123385427088827,0.053092408925294876
5,0.5,0.47999998927116394,0.71,0.016062103904434955,0.06497634947299957
6,0.699999988079071,0.5199999809265137,0.78,0.010738272761280657,0.023762216791510582
7,0.5199999809265137,0.4399999976158142,0.84,0.016780512811290813,-0.02734602428972721
8,0.5600000023841858,0.7200000286102295,0.94,0.019708239447704116,0.05600477382540703
